id,dataset_id,url,filename,status,detail
1,01396e33-2c69-47e5-9381-32e717943b96,https://open.canada.ca/data/dataset/01396e33-2c69-47e5-9381-32e717943b96/resource/4206e804-e90f-499d-8088-a8048a10e77b/download/aia-english.pdf,aia-english.pdf,ok,"72,513 bytes"
2,01396e33-2c69-47e5-9381-32e717943b96,https://open.canada.ca/data/dataset/01396e33-2c69-47e5-9381-32e717943b96/resource/55aa7b2d-c272-4e63-895c-63600f2769a6/download/aia-results-bilingual.json,aia-results-bilingual.json,ok,"18,589 bytes"
3,01396e33-2c69-47e5-9381-32e717943b96,https://open.canada.ca/data/dataset/01396e33-2c69-47e5-9381-32e717943b96/resource/75dddd64-f482-4b6e-a2e0-7f6ab35fef84/download/annex-a-vr-model-peer-review-summary-en.pdf,annex-a-vr-model-peer-review-summary-en.pdf,ok,"356,263 bytes"
4,01396e33-2c69-47e5-9381-32e717943b96,https://open.canada.ca/data/dataset/01396e33-2c69-47e5-9381-32e717943b96/resource/78c0a4b3-a317-4c74-8865-0f9bea620d4f/download/aia-french.pdf,aia-french.pdf,ok,"79,432 bytes"
5,01396e33-2c69-47e5-9381-32e717943b96,https://open.canada.ca/data/dataset/01396e33-2c69-47e5-9381-32e717943b96/resource/a0c8c38a-8ae5-4d5a-8cc6-9731a725abc6/download/annex-a-vr-model-peer-review-summary-fr.pdf,annex-a-vr-model-peer-review-summary-fr.pdf,ok,"379,779 bytes"
6,04556b29-284a-4d2b-8076-928476d64553,https://open.canada.ca/data/dataset/04556b29-284a-4d2b-8076-928476d64553/resource/57848b7f-8d4e-422c-b756-a4a9a49e8ae9/download/aia-results-wp-ext-and-pgwp-sept-2023-bilingual-v3.json,aia-results-wp-ext-and-pgwp-sept-2023-bilingual-v3.json,ok,"35,366 bytes"
7,04556b29-284a-4d2b-8076-928476d64553,https://open.canada.ca/data/dataset/04556b29-284a-4d2b-8076-928476d64553/resource/5f97fc14-c01c-4408-b0eb-075ec5208f31/download/aia-ircc1-eng.pdf,aia-ircc1-eng.pdf,ok,"69,887 bytes"
8,04556b29-284a-4d2b-8076-928476d64553,https://open.canada.ca/data/dataset/04556b29-284a-4d2b-8076-928476d64553/resource/bd5a6571-ddc3-43f5-b2bc-9cee060710fb/download/aia-ircc-1-fr2023.pdf,aia-ircc-1-fr2023.pdf,ok,"76,376 bytes"
9,061ee9d1-a04a-4590-a381-df8527390f68,https://donnees-data.tpsgc-pwgsc.gc.ca/bh1/eiaia-aiaai/eia-ia_aia-ai-v1-eng.html,eia-ia_aia-ai-v1-eng.html,error,"HTTPSConnectionPool(host='donnees-data.tpsgc-pwgsc.gc.ca', port=443): Max retries exceeded with url: /bh1/eiaia-aiaai/eia-ia_aia-ai-v1-eng.html (Caused by SSLError(SSLCertVerificationError(1, '[SSL: CERTIFICATE_VERIFY_FAILED] certificate verify failed: unable to get local issuer certificate (_ssl.c:1000)')))"
10,061ee9d1-a04a-4590-a381-df8527390f68,https://donnees-data.tpsgc-pwgsc.gc.ca/bh1/eiaia-aiaai/eia-ia_aia-ai-v1-eng.pdf,eia-ia_aia-ai-v1-eng.pdf,error,"HTTPSConnectionPool(host='donnees-data.tpsgc-pwgsc.gc.ca', port=443): Max retries exceeded with url: /bh1/eiaia-aiaai/eia-ia_aia-ai-v1-eng.pdf (Caused by SSLError(SSLCertVerificationError(1, '[SSL: CERTIFICATE_VERIFY_FAILED] certificate verify failed: unable to get local issuer certificate (_ssl.c:1000)')))"
11,061ee9d1-a04a-4590-a381-df8527390f68,https://donnees-data.tpsgc-pwgsc.gc.ca/bh1/eiaia-aiaai/eia-ia_aia-ai-v1-fra.html,eia-ia_aia-ai-v1-fra.html,error,"HTTPSConnectionPool(host='donnees-data.tpsgc-pwgsc.gc.ca', port=443): Max retries exceeded with url: /bh1/eiaia-aiaai/eia-ia_aia-ai-v1-fra.html (Caused by SSLError(SSLCertVerificationError(1, '[SSL: CERTIFICATE_VERIFY_FAILED] certificate verify failed: unable to get local issuer certificate (_ssl.c:1000)')))"
12,061ee9d1-a04a-4590-a381-df8527390f68,https://donnees-data.tpsgc-pwgsc.gc.ca/bh1/eiaia-aiaai/eia-ia_aia-ai-v1-fra.pdf,eia-ia_aia-ai-v1-fra.pdf,error,"HTTPSConnectionPool(host='donnees-data.tpsgc-pwgsc.gc.ca', port=443): Max retries exceeded with url: /bh1/eiaia-aiaai/eia-ia_aia-ai-v1-fra.pdf (Caused by SSLError(SSLCertVerificationError(1, '[SSL: CERTIFICATE_VERIFY_FAILED] certificate verify failed: unable to get local issuer certificate (_ssl.c:1000)')))"
13,061ee9d1-a04a-4590-a381-df8527390f68,https://donnees-data.tpsgc-pwgsc.gc.ca/bh1/eiaia-aiaai/eia-ia_aia-ai-v1.json,eia-ia_aia-ai-v1.json,error,"HTTPSConnectionPool(host='donnees-data.tpsgc-pwgsc.gc.ca', port=443): Max retries exceeded with url: /bh1/eiaia-aiaai/eia-ia_aia-ai-v1.json (Caused by SSLError(SSLCertVerificationError(1, '[SSL: CERTIFICATE_VERIFY_FAILED] certificate verify failed: unable to get local issuer certificate (_ssl.c:1000)')))"
14,061ee9d1-a04a-4590-a381-df8527390f68,https://donnees-data.tpsgc-pwgsc.gc.ca/bh1/eiaia-aiaai/eia-ia_aia-ai-v2-2-eng.html,eia-ia_aia-ai-v2-2-eng.html,error,"HTTPSConnectionPool(host='donnees-data.tpsgc-pwgsc.gc.ca', port=443): Max retries exceeded with url: /bh1/eiaia-aiaai/eia-ia_aia-ai-v2-2-eng.html (Caused by SSLError(SSLCertVerificationError(1, '[SSL: CERTIFICATE_VERIFY_FAILED] certificate verify failed: unable to get local issuer certificate (_ssl.c:1000)')))"
15,061ee9d1-a04a-4590-a381-df8527390f68,https://donnees-data.tpsgc-pwgsc.gc.ca/bh1/eiaia-aiaai/eia-ia_aia-ai-v2-2-eng.pdf,eia-ia_aia-ai-v2-2-eng.pdf,error,"HTTPSConnectionPool(host='donnees-data.tpsgc-pwgsc.gc.ca', port=443): Max retries exceeded with url: /bh1/eiaia-aiaai/eia-ia_aia-ai-v2-2-eng.pdf (Caused by SSLError(SSLCertVerificationError(1, '[SSL: CERTIFICATE_VERIFY_FAILED] certificate verify failed: unable to get local issuer certificate (_ssl.c:1000)')))"
16,061ee9d1-a04a-4590-a381-df8527390f68,https://donnees-data.tpsgc-pwgsc.gc.ca/bh1/eiaia-aiaai/eia-ia_aia-ai-v2-2-fra.html,eia-ia_aia-ai-v2-2-fra.html,error,"HTTPSConnectionPool(host='donnees-data.tpsgc-pwgsc.gc.ca', port=443): Max retries exceeded with url: /bh1/eiaia-aiaai/eia-ia_aia-ai-v2-2-fra.html (Caused by SSLError(SSLCertVerificationError(1, '[SSL: CERTIFICATE_VERIFY_FAILED] certificate verify failed: unable to get local issuer certificate (_ssl.c:1000)')))"
17,061ee9d1-a04a-4590-a381-df8527390f68,https://donnees-data.tpsgc-pwgsc.gc.ca/bh1/eiaia-aiaai/eia-ia_aia-ai-v2-2-fra.pdf,eia-ia_aia-ai-v2-2-fra.pdf,error,"HTTPSConnectionPool(host='donnees-data.tpsgc-pwgsc.gc.ca', port=443): Max retries exceeded with url: /bh1/eiaia-aiaai/eia-ia_aia-ai-v2-2-fra.pdf (Caused by SSLError(SSLCertVerificationError(1, '[SSL: CERTIFICATE_VERIFY_FAILED] certificate verify failed: unable to get local issuer certificate (_ssl.c:1000)')))"
18,061ee9d1-a04a-4590-a381-df8527390f68,https://donnees-data.tpsgc-pwgsc.gc.ca/bh1/eiaia-aiaai/eia-ia_aia-ai-v2-2.json,eia-ia_aia-ai-v2-2.json,error,"HTTPSConnectionPool(host='donnees-data.tpsgc-pwgsc.gc.ca', port=443): Max retries exceeded with url: /bh1/eiaia-aiaai/eia-ia_aia-ai-v2-2.json (Caused by SSLError(SSLCertVerificationError(1, '[SSL: CERTIFICATE_VERIFY_FAILED] certificate verify failed: unable to get local issuer certificate (_ssl.c:1000)')))"
19,123aefbb-c9cb-4243-9be3-7f901daf13f7,https://open.canada.ca/data/dataset/123aefbb-c9cb-4243-9be3-7f901daf13f7/resource/23bbcc79-5007-475f-b70f-aacc43d9cc85/download/oas_eav_acc_finalfr.pdf,oas_eav_acc_finalfr.pdf,ok,"80,694 bytes"
20,123aefbb-c9cb-4243-9be3-7f901daf13f7,https://open.canada.ca/data/dataset/123aefbb-c9cb-4243-9be3-7f901daf13f7/resource/52fbe5b9-6187-49f8-88ec-b9325bda86e9/download/oas_eav_acc_final.pdf,oas_eav_acc_final.pdf,ok,"72,275 bytes"
21,123aefbb-c9cb-4243-9be3-7f901daf13f7,https://open.canada.ca/data/dataset/123aefbb-c9cb-4243-9be3-7f901daf13f7/resource/dd2169f1-f2a4-412d-a488-f02aaeed6e0d/download/oas-eav_aia_v7.json,oas-eav_aia_v7.json,ok,"21,671 bytes"
22,1257e5c1-243f-4ab8-be42-e7433c8ebe70,https://open.canada.ca/data/dataset/1257e5c1-243f-4ab8-be42-e7433c8ebe70/resource/034ed718-1364-413b-84d1-1d82d080015e/download/summary-for-publication-passport-facial-recognition-system-gba-plus.pdf,summary-for-publication-passport-facial-recognition-system-gba-plus.pdf,ok,"187,860 bytes"
23,1257e5c1-243f-4ab8-be42-e7433c8ebe70,https://open.canada.ca/data/dataset/1257e5c1-243f-4ab8-be42-e7433c8ebe70/resource/17389218-1d1a-4292-b29b-b001a605b105/download/analyse-comparative-entre-les-sexes-plus-pour-le-systeme-de-reconnaissance-faciale-du-programme-.pdf,analyse-comparative-entre-les-sexes-plus-pour-le-systeme-de-reconnaissance-faciale-du-programme-.pdf,ok,"188,284 bytes"
24,1257e5c1-243f-4ab8-be42-e7433c8ebe70,https://open.canada.ca/data/dataset/1257e5c1-243f-4ab8-be42-e7433c8ebe70/resource/372b9016-5a9c-46a1-af95-fdc0ab3119c0/download/algorithmic-impact-assessment-passport-program-facial-recognition-system-bilingual.json,algorithmic-impact-assessment-passport-program-facial-recognition-system-bilingual.json,ok,"39,767 bytes"
25,1257e5c1-243f-4ab8-be42-e7433c8ebe70,https://open.canada.ca/data/dataset/1257e5c1-243f-4ab8-be42-e7433c8ebe70/resource/9d45bfac-0e30-4f36-ae8e-b11c4ff9fda5/download/annex-a.-algorithmic-impact-assessment-facial-recognition-system-en.pdf,annex-a.-algorithmic-impact-assessment-facial-recognition-system-en.pdf,ok,"98,581 bytes"
26,1257e5c1-243f-4ab8-be42-e7433c8ebe70,https://open.canada.ca/data/dataset/1257e5c1-243f-4ab8-be42-e7433c8ebe70/resource/bc604193-d419-45d7-818d-f4b76a41094e/download/annex-b.-resultats-de-levaluation-de-lincidence-algorithmique-pdf.pdf,annex-b.-resultats-de-levaluation-de-lincidence-algorithmique-pdf.pdf,ok,"112,428 bytes"
27,240f1dbc-a3b5-46b1-9b5f-d0d3cbec9378,https://open.canada.ca/data/dataset/240f1dbc-a3b5-46b1-9b5f-d0d3cbec9378/resource/62473d4f-d38c-4b35-8adf-784da82bf516/download/aia-document-in-pdf-format-en.pdf,aia-document-in-pdf-format-en.pdf,ok,"98,208 bytes"
28,240f1dbc-a3b5-46b1-9b5f-d0d3cbec9378,https://open.canada.ca/data/dataset/240f1dbc-a3b5-46b1-9b5f-d0d3cbec9378/resource/e88b0b98-5599-45fb-a494-ddb094dbf82e/download/3.1-annex-a-french-peer-review-for-itat-and-ircc-response.pdf,3.1-annex-a-french-peer-review-for-itat-and-ircc-response.pdf,ok,"511,793 bytes"
29,240f1dbc-a3b5-46b1-9b5f-d0d3cbec9378,https://open.canada.ca/data/dataset/240f1dbc-a3b5-46b1-9b5f-d0d3cbec9378/resource/f2d56909-b044-49ea-9759-cb75466c1f41/download/3.0-annex-a-peer-review-for-itat-and-ircc-response.pdf,3.0-annex-a-peer-review-for-itat-and-ircc-response.pdf,ok,"504,287 bytes"
30,240f1dbc-a3b5-46b1-9b5f-d0d3cbec9378,https://open.canada.ca/data/dataset/240f1dbc-a3b5-46b1-9b5f-d0d3cbec9378/resource/f6be66ec-30dc-4ce4-8266-90ffe3e7a680/download/aia-results_mar-25.json,aia-results_mar-25.json,ok,"38,952 bytes"
31,240f1dbc-a3b5-46b1-9b5f-d0d3cbec9378,https://open.canada.ca/data/dataset/240f1dbc-a3b5-46b1-9b5f-d0d3cbec9378/resource/f723a4ed-b63c-420b-abd4-1b88bfd1d877/download/aia-document-in-pdf-format-fr.pdf,aia-document-in-pdf-format-fr.pdf,ok,"109,575 bytes"
32,24d2cab2-6a0d-4234-9239-b6ce102ebabd,https://open.canada.ca/data/dataset/24d2cab2-6a0d-4234-9239-b6ce102ebabd/resource/437a8cc2-da3a-4ed7-abb1-d45dfd7af0e3/download/aia_ei_backlog_reduction.pdf,aia_ei_backlog_reduction.pdf,ok,"62,375 bytes"
33,24d2cab2-6a0d-4234-9239-b6ce102ebabd,https://open.canada.ca/data/dataset/24d2cab2-6a0d-4234-9239-b6ce102ebabd/resource/7a199b11-9b8c-480c-88bd-ec9125b3bfaf/download/aia_ae_reduction_inventaire.pdf,aia_ae_reduction_inventaire.pdf,ok,"152,231 bytes"
34,24d2cab2-6a0d-4234-9239-b6ce102ebabd,https://open.canada.ca/data/dataset/24d2cab2-6a0d-4234-9239-b6ce102ebabd/resource/8c0e7774-3532-48a7-8da9-e93076e3c26d/download/aia-results_second_assesment.json,aia-results_second_assesment.json,ok,"6,005 bytes"
35,44fe9b0d-d730-43cf-ba7e-d952d55f88f2,https://open.canada.ca/data/dataset/44fe9b0d-d730-43cf-ba7e-d952d55f88f2/resource/bbb096b4-5282-4fd9-ad0a-7720781827f2/download/levaluation-de-lincidence-algorithmique-gestion-des-cotisations-et-des-recettes-de-lasfc-gcra.pdf,levaluation-de-lincidence-algorithmique-gestion-des-cotisations-et-des-recettes-de-lasfc-gcra.pdf,ok,"125,927 bytes"
36,44fe9b0d-d730-43cf-ba7e-d952d55f88f2,https://open.canada.ca/data/dataset/44fe9b0d-d730-43cf-ba7e-d952d55f88f2/resource/c33182d7-794d-4fcd-8701-7eef185a1929/download/algorithmic-impact-assessment-cbsa-assessment-and-revenue-management-carm.pdf,algorithmic-impact-assessment-cbsa-assessment-and-revenue-management-carm.pdf,ok,"110,893 bytes"
37,52b8574d-5c95-463b-b375-8edd092cea30,https://open.canada.ca/data/dataset/52b8574d-5c95-463b-b375-8edd092cea30/resource/24df6145-9429-4f21-87ba-1e77d8cb5c71/download/algorithmic-impact-assessment-processus-de-dotation-avec-la-plateforme-knockri-un-outil-devaluat.pdf,algorithmic-impact-assessment-processus-de-dotation-avec-la-plateforme-knockri-un-outil-devaluat.pdf,ok,"134,414 bytes"
38,52b8574d-5c95-463b-b375-8edd092cea30,https://open.canada.ca/data/dataset/52b8574d-5c95-463b-b375-8edd092cea30/resource/4baa87d0-0123-4d51-8de9-271607dd060f/download/algorithmic-impact-assessment-using-artificial-intelligence-ai-to-automate-candidate-evaluation.json,algorithmic-impact-assessment-using-artificial-intelligence-ai-to-automate-candidate-evaluation.json,ok,"76,795 bytes"
39,52b8574d-5c95-463b-b375-8edd092cea30,https://open.canada.ca/data/dataset/52b8574d-5c95-463b-b375-8edd092cea30/resource/f7a43e13-44f3-4d43-b588-97aedb17c3f8/download/algorithmic-impact-assessment-using-artificial-intelligence-ai-to-automate-candidate-evaluations.pdf,algorithmic-impact-assessment-using-artificial-intelligence-ai-to-automate-candidate-evaluations.pdf,ok,"117,761 bytes"
40,5423054a-093c-4239-85be-fa0b36ae0b2e,https://open.canada.ca/aia-eia-js/?lang=en,page_en.html,ok,"6,647 bytes"
41,5423054a-093c-4239-85be-fa0b36ae0b2e,https://open.canada.ca/aia-eia-js/?lang=fr,page_fr.html,ok,"6,647 bytes"
42,5423054a-093c-4239-85be-fa0b36ae0b2e,https://open.canada.ca/data/dataset/5423054a-093c-4239-85be-fa0b36ae0b2e/resource/8d68b5a3-5e61-4e94-9d48-8dc63b6e1ba6/download/aia-en-fr.xlsx,aia-en-fr.xlsx,ok,"92,533 bytes"
43,5423054a-093c-4239-85be-fa0b36ae0b2e,https://open.canada.ca/data/dataset/5423054a-093c-4239-85be-fa0b36ae0b2e/resource/b3bcac90-e633-4c90-9bec-d2bb7202c2c2/download/aiaen.xlsx,aiaen.xlsx,ok,"44,892 bytes"
44,6b429c8e-ee5b-451a-883f-b6180ada9286,https://open.canada.ca/data/dataset/6b429c8e-ee5b-451a-883f-b6180ada9286/resource/19182fb2-ae7a-4775-a7c7-7b8c010d84b9/download/aia-results_json.json,aia-results_json.json,ok,"11,196 bytes"
45,6b429c8e-ee5b-451a-883f-b6180ada9286,https://open.canada.ca/data/dataset/6b429c8e-ee5b-451a-883f-b6180ada9286/resource/2694367e-babf-4d87-a852-827e4178141d/download/1-aia_ei_ml_workload_en.pdf,1-aia_ei_ml_workload_en.pdf,ok,"127,080 bytes"
46,6b429c8e-ee5b-451a-883f-b6180ada9286,https://open.canada.ca/data/dataset/6b429c8e-ee5b-451a-883f-b6180ada9286/resource/4491b7b1-6b15-4398-87a3-59a3d34aef0a/download/1-aia_ei_ml_workload_fr.pdf,1-aia_ei_ml_workload_fr.pdf,ok,"221,677 bytes"
47,6cba99b1-ea2c-4f8a-b954-3843ecd3a7f0,https://open.canada.ca/data/dataset/6cba99b1-ea2c-4f8a-b954-3843ecd3a7f0/resource/3ad57506-42ea-4916-8e5f-d06ea01e449b/download/peer-review-for-advanced-analytics-triage-of-overseas-temporary-resident-visa-applications-engli.pdf,peer-review-for-advanced-analytics-triage-of-overseas-temporary-resident-visa-applications-engli.pdf,ok,"493,325 bytes"
48,6cba99b1-ea2c-4f8a-b954-3843ecd3a7f0,https://open.canada.ca/data/dataset/6cba99b1-ea2c-4f8a-b954-3843ecd3a7f0/resource/7d98e1ba-7e23-4039-8ae2-950462ee9437/download/trv-aia-en-fr-results-24-may-2022.json,trv-aia-en-fr-results-24-may-2022.json,ok,"17,734 bytes"
49,6cba99b1-ea2c-4f8a-b954-3843ecd3a7f0,https://open.canada.ca/data/dataset/6cba99b1-ea2c-4f8a-b954-3843ecd3a7f0/resource/9f4dea84-e7ca-47ae-8b14-0fe2becfe6db/download/trv-aia-en-may-2022.pdf,trv-aia-en-may-2022.pdf,ok,"89,668 bytes"
50,6cba99b1-ea2c-4f8a-b954-3843ecd3a7f0,https://open.canada.ca/data/dataset/6cba99b1-ea2c-4f8a-b954-3843ecd3a7f0/resource/ca92cbd9-948d-46ab-8c4a-095a5f053d58/download/trv-aia-fr-may-2022.pdf,trv-aia-fr-may-2022.pdf,ok,"100,013 bytes"
51,6cba99b1-ea2c-4f8a-b954-3843ecd3a7f0,https://open.canada.ca/data/dataset/6cba99b1-ea2c-4f8a-b954-3843ecd3a7f0/resource/fd27e884-4c14-4b9c-9b86-77d682b8557c/download/peer-review-for-advanced-analytics-triage-of-overseas-temporary-resident-visa-applications-frenc.pdf,peer-review-for-advanced-analytics-triage-of-overseas-temporary-resident-visa-applications-frenc.pdf,ok,"491,510 bytes"
52,71b309a0-efd2-4e85-8124-37e935c23aef,https://open.canada.ca/data/dataset/71b309a0-efd2-4e85-8124-37e935c23aef/resource/a426e30a-9ef5-4be6-a670-f42867462e86/download/annex-b-aast-aia-2025-01-28-fr.pdf.pdf,annex-b-aast-aia-2025-01-28-fr.pdf.pdf,ok,"182,006 bytes"
53,71b309a0-efd2-4e85-8124-37e935c23aef,https://open.canada.ca/data/dataset/71b309a0-efd2-4e85-8124-37e935c23aef/resource/bc374086-5077-4b1f-93f0-37e6e2cb74c3/download/annex-a-aast-aia-2025-01-28-en.pdf.pdf,annex-a-aast-aia-2025-01-28-en.pdf.pdf,ok,"160,280 bytes"
54,71b309a0-efd2-4e85-8124-37e935c23aef,https://open.canada.ca/data/dataset/71b309a0-efd2-4e85-8124-37e935c23aef/resource/d3a87838-9a6f-4968-bfa1-163578e2412c/download/aia-results-resultats-de-leia-1.json,aia-results-resultats-de-leia-1.json,ok,"25,334 bytes"
55,7612202f-1530-41ce-80c7-6e121f5fcadc,https://open.canada.ca/data/dataset/7612202f-1530-41ce-80c7-6e121f5fcadc/resource/9d266f4d-41b6-4958-9d29-06b234aff468/download/voice2text_aia-fr.pdf,voice2text_aia-fr.pdf,ok,"75,769 bytes"
56,7612202f-1530-41ce-80c7-6e121f5fcadc,https://open.canada.ca/data/dataset/7612202f-1530-41ce-80c7-6e121f5fcadc/resource/f98eae5a-e3f2-472a-a20c-129fc060ccc9/download/voice2text_aia-en.pdf,voice2text_aia-en.pdf,ok,"71,488 bytes"
57,89898244-aaae-4591-ba9b-fe5cd81d5924,https://open.canada.ca/data/dataset/89898244-aaae-4591-ba9b-fe5cd81d5924/resource/66e755f6-db6d-495d-abc0-ae798f888e53/download/griffeye-aia_fre.pdf,griffeye-aia_fre.pdf,ok,"162,489 bytes"
58,89898244-aaae-4591-ba9b-fe5cd81d5924,https://open.canada.ca/data/dataset/89898244-aaae-4591-ba9b-fe5cd81d5924/resource/dd50ce04-3150-4f26-b8ab-0ad067489593/download/griffeye-aia-en.pdf,griffeye-aia-en.pdf,ok,"86,233 bytes"
59,9addf54a-7148-459f-b785-0e240414ef7f,https://open.canada.ca/data/dataset/9addf54a-7148-459f-b785-0e240414ef7f/resource/4542a38b-49f4-4d1e-8aef-cc476a9053eb/download/mentalhealthbenefit-aia-fr.pdf,mentalhealthbenefit-aia-fr.pdf,ok,"49,623 bytes"
60,9addf54a-7148-459f-b785-0e240414ef7f,https://open.canada.ca/data/dataset/9addf54a-7148-459f-b785-0e240414ef7f/resource/5b9457eb-367a-42d6-b36c-68ab84a96ea7/download/vac-mentalhealthbenefits-aia.json,vac-mentalhealthbenefits-aia.json,ok,"6,223 bytes"
61,9addf54a-7148-459f-b785-0e240414ef7f,https://open.canada.ca/data/dataset/9addf54a-7148-459f-b785-0e240414ef7f/resource/a7f7e890-1ef9-4dd8-96b2-73c7bfa54f10/download/mentalhealthbenefit-aia-en.pdf,mentalhealthbenefit-aia-en.pdf,ok,"47,051 bytes"
62,aafdfbcd-1cdb-4913-84d5-a03df727680c,https://open.canada.ca/data/dataset/aafdfbcd-1cdb-4913-84d5-a03df727680c/resource/d4ba1acb-f668-4f77-9139-5069b7fb4c98/download/aia-automation.json,aia-automation.json,ok,"3,355 bytes"
63,aafdfbcd-1cdb-4913-84d5-a03df727680c,https://open.canada.ca/data/dataset/aafdfbcd-1cdb-4913-84d5-a03df727680c/resource/d81de44b-1c77-48b9-9b40-d4ea452bc610/download/automation-aia-en.pdf,automation-aia-en.pdf,ok,"57,255 bytes"
64,aafdfbcd-1cdb-4913-84d5-a03df727680c,https://open.canada.ca/data/dataset/aafdfbcd-1cdb-4913-84d5-a03df727680c/resource/df0ad32c-f4bc-4e0c-9f6b-542730ed84c9/download/automation-aia-fr.pdf,automation-aia-fr.pdf,ok,"61,240 bytes"
65,ad4be3b8-ac97-4dc1-8dd8-231239d018f2,https://open.canada.ca/data/dataset/ad4be3b8-ac97-4dc1-8dd8-231239d018f2/resource/16bde709-7c2f-404f-8582-1650f899bdef/download/aia-fr-4.pdf,aia-fr-4.pdf,ok,"69,819 bytes"
66,ad4be3b8-ac97-4dc1-8dd8-231239d018f2,https://open.canada.ca/data/dataset/ad4be3b8-ac97-4dc1-8dd8-231239d018f2/resource/648c460b-e69b-4cdb-8aa9-f7264bdbd4fd/download/2.-f-01257746-annex-a-aia-en.pdf,2.-f-01257746-annex-a-aia-en.pdf,ok,"63,914 bytes"
67,ad4be3b8-ac97-4dc1-8dd8-231239d018f2,https://open.canada.ca/data/dataset/ad4be3b8-ac97-4dc1-8dd8-231239d018f2/resource/e3611d08-f7bc-49c6-831d-b011e8ebad41/download/aia-results-2.json,aia-results-2.json,ok,"13,335 bytes"
68,afc17416-3781-422d-a4a9-cc55e3a053c8,https://open.canada.ca/data/dataset/afc17416-3781-422d-a4a9-cc55e3a053c8/resource/31bde632-b0d6-4a41-95ea-604e680e2ec3/download/francais-arrivecan-2021-10-06v11.pdf,francais-arrivecan-2021-10-06v11.pdf,ok,"59,372 bytes"
69,afc17416-3781-422d-a4a9-cc55e3a053c8,https://open.canada.ca/data/dataset/afc17416-3781-422d-a4a9-cc55e3a053c8/resource/540239d2-3703-4fed-9ac5-e7be84934d67/download/english-arrivecan-2021-10-06v11.pdf,english-arrivecan-2021-10-06v11.pdf,ok,"56,141 bytes"
70,afc17416-3781-422d-a4a9-cc55e3a053c8,https://open.canada.ca/data/dataset/afc17416-3781-422d-a4a9-cc55e3a053c8/resource/9a3dd6b0-3ea6-47ba-963b-87437b11280f/download/arrivecan-2021-10-06v11.json,arrivecan-2021-10-06v11.json,ok,"13,505 bytes"
71,b3dc23b6-8c06-4c45-bc65-4cb4ec30bf80,https://open.canada.ca/data/dataset/b3dc23b6-8c06-4c45-bc65-4cb4ec30bf80/resource/300a0d46-f5d5-4bfb-afef-68a6476daee0/download/tfwp_aia_en_0206_v3.pdf,tfwp_aia_en_0206_v3.pdf,ok,"73,639 bytes"
72,b3dc23b6-8c06-4c45-bc65-4cb4ec30bf80,https://open.canada.ca/data/dataset/b3dc23b6-8c06-4c45-bc65-4cb4ec30bf80/resource/324b202e-6160-43bd-a54f-7721b173c1f9/download/tfwp_opengovernmentportal_en.json,tfwp_opengovernmentportal_en.json,ok,"11,562 bytes"
73,b3dc23b6-8c06-4c45-bc65-4cb4ec30bf80,https://open.canada.ca/data/dataset/b3dc23b6-8c06-4c45-bc65-4cb4ec30bf80/resource/9e000e08-5a46-4bba-8cfa-69346fd8e165/download/tfwp_aia_fr_0206_v3.pdf,tfwp_aia_fr_0206_v3.pdf,ok,"83,264 bytes"
74,b3dc23b6-8c06-4c45-bc65-4cb4ec30bf80,https://open.canada.ca/data/dataset/b3dc23b6-8c06-4c45-bc65-4cb4ec30bf80/resource/c73e91b6-804d-4dad-8f41-9fe3cf87bb9c/download/tfwp_opengovernmentportal_fr.json,tfwp_opengovernmentportal_fr.json,ok,"13,947 bytes"
75,b4a417f7-5040-4328-9863-bb8bbb8568c3,https://open.canada.ca/data/dataset/b4a417f7-5040-4328-9863-bb8bbb8568c3/resource/073492ef-c9a2-4e9c-b9f7-92f1140ce62e/download/iec-wp-eligibility-model-gba-plus-analysis-public-en-accessibility-check.pdf,iec-wp-eligibility-model-gba-plus-analysis-public-en-accessibility-check.pdf,ok,"1,002,810 bytes"
76,b4a417f7-5040-4328-9863-bb8bbb8568c3,https://open.canada.ca/data/dataset/b4a417f7-5040-4328-9863-bb8bbb8568c3/resource/60d4bb68-5756-4bb4-98ef-468103bec4bd/download/examen-par-les-pairs-du-modele-de-recevabilite-du-permis-de-travail-dexperience-internationale-c.pdf,examen-par-les-pairs-du-modele-de-recevabilite-du-permis-de-travail-dexperience-internationale-c.pdf,ok,"1,069,867 bytes"
77,b4a417f7-5040-4328-9863-bb8bbb8568c3,https://open.canada.ca/data/dataset/b4a417f7-5040-4328-9863-bb8bbb8568c3/resource/93efa24b-3af9-49d3-b645-aad3700c8e42/download/aia-iec-applications-en.pdf,aia-iec-applications-en.pdf,ok,"101,029 bytes"
78,b4a417f7-5040-4328-9863-bb8bbb8568c3,https://open.canada.ca/data/dataset/b4a417f7-5040-4328-9863-bb8bbb8568c3/resource/999f12d3-f362-47e2-80a8-e80c997c4369/download/iec-aia-results.json,iec-aia-results.json,ok,"43,003 bytes"
79,b4a417f7-5040-4328-9863-bb8bbb8568c3,https://open.canada.ca/data/dataset/b4a417f7-5040-4328-9863-bb8bbb8568c3/resource/9d487b79-fe1b-47fe-b7b6-01666a93126c/download/aia-iec-applications-fr.pdf,aia-iec-applications-fr.pdf,ok,"115,394 bytes"
80,b4a417f7-5040-4328-9863-bb8bbb8568c3,https://open.canada.ca/data/dataset/b4a417f7-5040-4328-9863-bb8bbb8568c3/resource/b11b3a60-841c-4fdb-b5fe-1689d1eed570/download/iec-wp-eligibility-model-gba-plus-analysis-public-fr-accessibility-check.pdf,iec-wp-eligibility-model-gba-plus-analysis-public-fr-accessibility-check.pdf,ok,"1,324,177 bytes"
81,b4a417f7-5040-4328-9863-bb8bbb8568c3,https://open.canada.ca/data/dataset/b4a417f7-5040-4328-9863-bb8bbb8568c3/resource/e8f6ca6b-c2ca-42c7-97d8-394fe7663382/download/peer-review-of-the-international-experience-canada-work-permit-eligibility-model-executive-summa.pdf,peer-review-of-the-international-experience-canada-work-permit-eligibility-model-executive-summa.pdf,ok,"994,456 bytes"
82,b92cbf7b-3b1c-4b02-a219-ce5b9bdb030d,https://open.canada.ca/data/dataset/b92cbf7b-3b1c-4b02-a219-ce5b9bdb030d/resource/37f7ffe5-3a8a-49ab-9a7a-6fde6266703c/download/en_peer-review-of-the-automation-to-process-cuaet-tr-applications-executive-summary.pdf,en_peer-review-of-the-automation-to-process-cuaet-tr-applications-executive-summary.pdf,ok,"316,607 bytes"
83,b92cbf7b-3b1c-4b02-a219-ce5b9bdb030d,https://open.canada.ca/data/dataset/b92cbf7b-3b1c-4b02-a219-ce5b9bdb030d/resource/713d86d6-4bda-4900-8f90-e15b4a534a8d/download/resume-de-lanalyse-comparative-entre-les-sexes-plus-processus-decisionnel-automatise-pour-les-de.pdf,resume-de-lanalyse-comparative-entre-les-sexes-plus-processus-decisionnel-automatise-pour-les-de.pdf,ok,"906,109 bytes"
84,b92cbf7b-3b1c-4b02-a219-ce5b9bdb030d,https://open.canada.ca/data/dataset/b92cbf7b-3b1c-4b02-a219-ce5b9bdb030d/resource/7ec7d182-c020-49a5-a35c-9fbac7fa623f/download/f01253979-annex-b-aia-on-cuaet-automation-fr.pdf,f01253979-annex-b-aia-on-cuaet-automation-fr.pdf,ok,"67,553 bytes"
85,b92cbf7b-3b1c-4b02-a219-ce5b9bdb030d,https://open.canada.ca/data/dataset/b92cbf7b-3b1c-4b02-a219-ce5b9bdb030d/resource/880438b2-0c55-4ad3-98a5-9df8b9eb5496/download/gender-based-analysis-plus-summary-automate-the-review-of-non-complex-applications-for-temporary.pdf,gender-based-analysis-plus-summary-automate-the-review-of-non-complex-applications-for-temporary.pdf,ok,"209,746 bytes"
86,b92cbf7b-3b1c-4b02-a219-ce5b9bdb030d,https://open.canada.ca/data/dataset/b92cbf7b-3b1c-4b02-a219-ce5b9bdb030d/resource/d42a72a6-cd23-4a9b-a875-5654e22ed120/download/fr_peer-review-of-the-automation-to-process-cuaet-tr-applications-executive-summary.pdf,fr_peer-review-of-the-automation-to-process-cuaet-tr-applications-executive-summary.pdf,ok,"325,753 bytes"
87,b92cbf7b-3b1c-4b02-a219-ce5b9bdb030d,https://open.canada.ca/data/dataset/b92cbf7b-3b1c-4b02-a219-ce5b9bdb030d/resource/e5b61ba7-234a-41e0-8898-361841152bca/download/aia-on-cuaet-automation.json,aia-on-cuaet-automation.json,ok,"11,432 bytes"
88,b92cbf7b-3b1c-4b02-a219-ce5b9bdb030d,https://open.canada.ca/data/dataset/b92cbf7b-3b1c-4b02-a219-ce5b9bdb030d/resource/ec3f935c-2192-4ebd-b21b-4265a9d0e08a/download/f01253979-annex-a-aia-on-cuaet-automation-en.pdf,f01253979-annex-a-aia-on-cuaet-automation-en.pdf,ok,"62,535 bytes"
89,c088f841-2d79-4c7e-9281-cc65cbae1b06,https://open.canada.ca/data/dataset/c088f841-2d79-4c7e-9281-cc65cbae1b06/resource/67b0b587-107d-4c95-977c-e127fc7c527e/download/peer-review-assessment-report-summary_for-publication_tg_fr_final.pdf,peer-review-assessment-report-summary_for-publication_tg_fr_final.pdf,ok,"106,555 bytes"
90,c088f841-2d79-4c7e-9281-cc65cbae1b06,https://open.canada.ca/data/dataset/c088f841-2d79-4c7e-9281-cc65cbae1b06/resource/895872b9-390d-42d9-a795-f9f4f79ff52a/download/pact-aia_en.pdf,pact-aia_en.pdf,ok,"98,167 bytes"
91,c088f841-2d79-4c7e-9281-cc65cbae1b06,https://open.canada.ca/data/dataset/c088f841-2d79-4c7e-9281-cc65cbae1b06/resource/acfe70cb-a602-495b-896e-7b51fbaf9e23/download/peer-review-assessment-report-summary_for-publication.pdf,peer-review-assessment-report-summary_for-publication.pdf,ok,"102,995 bytes"
92,c088f841-2d79-4c7e-9281-cc65cbae1b06,https://open.canada.ca/data/dataset/c088f841-2d79-4c7e-9281-cc65cbae1b06/resource/e584032c-1011-470c-96fc-46612ae0aac3/download/pact-aia_fr.pdf,pact-aia_fr.pdf,ok,"110,805 bytes"
93,c088f841-2d79-4c7e-9281-cc65cbae1b06,https://open.canada.ca/data/dataset/c088f841-2d79-4c7e-9281-cc65cbae1b06/resource/e861ce1d-60d4-4f10-8ba9-e16c7633aa32/download/aia-results_bilingual.json,aia-results_bilingual.json,ok,"42,911 bytes"
94,c839bedc-0d5f-4b02-98a7-671d1f60ac51,https://open.canada.ca/data/dataset/c839bedc-0d5f-4b02-98a7-671d1f60ac51/resource/f7a72e34-b2ef-49fe-8f51-b423886f570d/download/algorithmic-impact-assessment-cst.pdf,algorithmic-impact-assessment-cst.pdf,ok,"276,244 bytes"
95,c839bedc-0d5f-4b02-98a7-671d1f60ac51,https://open.canada.ca/data/dataset/c839bedc-0d5f-4b02-98a7-671d1f60ac51/resource/fbfc9ac7-1489-41e8-8172-f66bb2b674ce/download/resultats-de-levaluation-de-lincidence-algorithmique-ordii.pdf,resultats-de-levaluation-de-lincidence-algorithmique-ordii.pdf,ok,"319,667 bytes"
96,cea9985f-5e0f-425e-9b7e-e1d122272c56,https://open.canada.ca/data/dataset/cea9985f-5e0f-425e-9b7e-e1d122272c56/resource/1c69df96-52ac-4226-b144-a16d8fb20526/download/atip-digital-services-aia.json,atip-digital-services-aia.json,ok,"3,917 bytes"
97,cea9985f-5e0f-425e-9b7e-e1d122272c56,https://open.canada.ca/data/dataset/cea9985f-5e0f-425e-9b7e-e1d122272c56/resource/2cf21c61-75b0-4324-b072-c0c3df71e6e6/download/services-numeriques-aiprp-eia-fr.pdf,services-numeriques-aiprp-eia-fr.pdf,ok,"53,091 bytes"
98,cea9985f-5e0f-425e-9b7e-e1d122272c56,https://open.canada.ca/data/dataset/cea9985f-5e0f-425e-9b7e-e1d122272c56/resource/51b5378f-1f1d-4a20-a7c8-4f313ae6c617/download/aors-aia-1.csv,aors-aia-1.csv,ok,"2,701 bytes"
99,cea9985f-5e0f-425e-9b7e-e1d122272c56,https://open.canada.ca/data/dataset/cea9985f-5e0f-425e-9b7e-e1d122272c56/resource/5678a163-bfaa-4006-b655-75c5fe421d58/download/atip-digital-services-aia.json,atip-digital-services-aia.json,skip,already exists (3917 bytes)
100,cea9985f-5e0f-425e-9b7e-e1d122272c56,https://open.canada.ca/data/dataset/cea9985f-5e0f-425e-9b7e-e1d122272c56/resource/57087e3d-26bb-42e6-8e8b-573f65a1fea0/download/atip-digital-services-aia-en.pdf,atip-digital-services-aia-en.pdf,ok,"52,396 bytes"
101,cea9985f-5e0f-425e-9b7e-e1d122272c56,https://open.canada.ca/data/dataset/cea9985f-5e0f-425e-9b7e-e1d122272c56/resource/612bf087-68b3-4358-bff6-6e49746c89ec/download/atip-digital-services-aia.json,atip-digital-services-aia.json,skip,already exists (3917 bytes)
102,cea9985f-5e0f-425e-9b7e-e1d122272c56,https://open.canada.ca/data/dataset/cea9985f-5e0f-425e-9b7e-e1d122272c56/resource/96a7cf6f-62e0-495d-9901-7493f2e7c157/download/atip-digital-services-aia-en.pdf,atip-digital-services-aia-en.pdf,skip,already exists (52396 bytes)
103,cea9985f-5e0f-425e-9b7e-e1d122272c56,https://open.canada.ca/data/dataset/cea9985f-5e0f-425e-9b7e-e1d122272c56/resource/aa0e96d8-0432-4398-948d-6d52cb5f0472/download/en-data-dictionary-aia-aors.csv,en-data-dictionary-aia-aors.csv,ok,"10,632 bytes"
104,cea9985f-5e0f-425e-9b7e-e1d122272c56,https://open.canada.ca/data/dataset/cea9985f-5e0f-425e-9b7e-e1d122272c56/resource/ad75051c-c35a-42c4-b773-de170bb2bdc5/download/fr-data-dictionary-aia-aors.csv,fr-data-dictionary-aia-aors.csv,ok,"12,117 bytes"
105,cea9985f-5e0f-425e-9b7e-e1d122272c56,https://open.canada.ca/data/dataset/cea9985f-5e0f-425e-9b7e-e1d122272c56/resource/cd4de168-628a-45b5-92e3-5cc2394cdf8e/download/services-numeriques-aiprp-eia-fr.pdf,services-numeriques-aiprp-eia-fr.pdf,skip,already exists (53091 bytes)
106,cea9985f-5e0f-425e-9b7e-e1d122272c56,https://open.canada.ca/data/dataset/cea9985f-5e0f-425e-9b7e-e1d122272c56/resource/d9879fa3-d2a4-42e2-81bc-b8e20c7d6752/download/services-numeriques-aiprp-eia-fr.pdf,services-numeriques-aiprp-eia-fr.pdf,skip,already exists (53091 bytes)
107,cea9985f-5e0f-425e-9b7e-e1d122272c56,https://open.canada.ca/data/dataset/cea9985f-5e0f-425e-9b7e-e1d122272c56/resource/e0c7180c-71b0-4251-8cd1-35ab477a54c0/download/atip-digital-services-aia-en.pdf,atip-digital-services-aia-en.pdf,skip,already exists (52396 bytes)
108,d24ae2dd-8399-4b49-8441-3e0318aaf69a,https://open.canada.ca/data/dataset/d24ae2dd-8399-4b49-8441-3e0318aaf69a/resource/33806abe-0317-4338-a4f8-88091b0511d7/download/rap-evm_aia_en_2.pdf,rap-evm_aia_en_2.pdf,ok,"92,680 bytes"
109,d24ae2dd-8399-4b49-8441-3e0318aaf69a,https://open.canada.ca/data/dataset/d24ae2dd-8399-4b49-8441-3e0318aaf69a/resource/3de9108f-c504-402f-ac47-4fda7c0e1ed8/download/rap-evm_fr.json,rap-evm_fr.json,ok,"23,855 bytes"
110,d24ae2dd-8399-4b49-8441-3e0318aaf69a,https://open.canada.ca/data/dataset/d24ae2dd-8399-4b49-8441-3e0318aaf69a/resource/5acdc34d-7bbe-45a1-b57c-753ca5fd7b47/download/rap-evm_en.json,rap-evm_en.json,ok,"19,956 bytes"
111,d24ae2dd-8399-4b49-8441-3e0318aaf69a,https://open.canada.ca/data/dataset/d24ae2dd-8399-4b49-8441-3e0318aaf69a/resource/95f5d608-487e-48db-9a5b-2721056e84ee/download/rap_evm_aia_fr.pdf,rap_evm_aia_fr.pdf,ok,"101,445 bytes"
112,d41f9ec2-bf01-4b2a-bd8d-1b3a8424f534,https://open.canada.ca/data/dataset/d41f9ec2-bf01-4b2a-bd8d-1b3a8424f534/resource/3939ee8f-c9c6-4d5e-9489-eae92a8b06d4/download/algorithmic-impact-assessment-spouse-or-common-law-partner-in-canada-advanced-analytics-english.json,algorithmic-impact-assessment-spouse-or-common-law-partner-in-canada-advanced-analytics-english.json,ok,"6,487 bytes"
113,d41f9ec2-bf01-4b2a-bd8d-1b3a8424f534,https://open.canada.ca/data/dataset/d41f9ec2-bf01-4b2a-bd8d-1b3a8424f534/resource/40ee2562-0500-422e-a81b-6d786bd41408/download/algorithmic-impact-assessment-spouse-or-common-law-partner-in-canada-advanced-analytics-french.pdf,algorithmic-impact-assessment-spouse-or-common-law-partner-in-canada-advanced-analytics-french.pdf,ok,"90,076 bytes"
114,d41f9ec2-bf01-4b2a-bd8d-1b3a8424f534,https://open.canada.ca/data/dataset/d41f9ec2-bf01-4b2a-bd8d-1b3a8424f534/resource/ca27b27e-77fd-465d-9718-f968e77c9912/download/algorithmic-impact-assessment-spouse-or-common-law-partner-in-canada-advanced-analytics-french.json,algorithmic-impact-assessment-spouse-or-common-law-partner-in-canada-advanced-analytics-french.json,ok,"7,163 bytes"
115,d41f9ec2-bf01-4b2a-bd8d-1b3a8424f534,https://open.canada.ca/data/dataset/d41f9ec2-bf01-4b2a-bd8d-1b3a8424f534/resource/e523687a-d1d0-46fc-8fbe-d0768e209275/download/algorithmic-impact-assessment-spouse-or-common-law-partner-in-canada-advanced-analytics-english.pdf,algorithmic-impact-assessment-spouse-or-common-law-partner-in-canada-advanced-analytics-english.pdf,ok,"83,594 bytes"
116,daa9ca66-566f-4c2e-a285-d2e217c2a00f,https://open.canada.ca/data/dataset/daa9ca66-566f-4c2e-a285-d2e217c2a00f/resource/8f92a6cb-b85c-4ee2-a7cb-344c6f204c4b/download/aia_roec_fr_revised3.pdf,aia_roec_fr_revised3.pdf,ok,"567,905 bytes"
117,daa9ca66-566f-4c2e-a285-d2e217c2a00f,https://open.canada.ca/data/dataset/daa9ca66-566f-4c2e-a285-d2e217c2a00f/resource/b0f33e32-5012-4709-91e1-682bb846f184/download/roec_aia-results_2024_v7.json,roec_aia-results_2024_v7.json,ok,"23,110 bytes"
118,daa9ca66-566f-4c2e-a285-d2e217c2a00f,https://open.canada.ca/data/dataset/daa9ca66-566f-4c2e-a285-d2e217c2a00f/resource/c2863d6c-68e9-47d7-b041-48420c0bc4c1/download/aia_roec_en_revised3.pdf,aia_roec_en_revised3.pdf,ok,"321,490 bytes"
119,eaeb269c-6ac5-4429-a5aa-1fcc07c77933,https://open.canada.ca/data/dataset/eaeb269c-6ac5-4429-a5aa-1fcc07c77933/resource/15b71b6c-26f9-4f7b-99b7-90adeb495479/download/client-reporting-and-engagement-system-cresreportin-aia-english-en-1.pdf,client-reporting-and-engagement-system-cresreportin-aia-english-en-1.pdf,ok,"190,121 bytes"
120,eaeb269c-6ac5-4429-a5aa-1fcc07c77933,https://open.canada.ca/data/dataset/eaeb269c-6ac5-4429-a5aa-1fcc07c77933/resource/d431e4bf-21e4-48f7-8c2b-d4667a2ae90d/download/srec-jemepresente-evaluation-et-reponse-par-les-pairs-final.pdf,srec-jemepresente-evaluation-et-reponse-par-les-pairs-final.pdf,ok,"844,457 bytes"
121,eaeb269c-6ac5-4429-a5aa-1fcc07c77933,https://open.canada.ca/data/dataset/eaeb269c-6ac5-4429-a5aa-1fcc07c77933/resource/dd83f660-f2c3-4de1-a953-2174e07401f8/download/cres-reportin-aia-results.json,cres-reportin-aia-results.json,ok,"49,005 bytes"
122,eaeb269c-6ac5-4429-a5aa-1fcc07c77933,https://open.canada.ca/data/dataset/eaeb269c-6ac5-4429-a5aa-1fcc07c77933/resource/dfd1a783-ca66-4398-ac37-63dae0d2ab1f/download/systeme-de-rapports-et-dengagement-des-clients-srecjemepresente-eia-french-fr.pdf,systeme-de-rapports-et-dengagement-des-clients-srecjemepresente-eia-french-fr.pdf,ok,"213,710 bytes"
123,eaeb269c-6ac5-4429-a5aa-1fcc07c77933,https://open.canada.ca/data/dataset/eaeb269c-6ac5-4429-a5aa-1fcc07c77933/resource/f6e0e812-2a79-4033-b38b-22b46177cc62/download/srec-jemepresente-eia-resultats.json,srec-jemepresente-eia-resultats.json,ok,"61,069 bytes"
124,eaeb269c-6ac5-4429-a5aa-1fcc07c77933,https://open.canada.ca/data/dataset/eaeb269c-6ac5-4429-a5aa-1fcc07c77933/resource/f7df9ed5-31d2-4a1f-a98f-cf1b836b5b1e/download/cres-reportin-peer-review-report-and-response-final.pdf,cres-reportin-peer-review-report-and-response-final.pdf,ok,"995,709 bytes"
125,eed746a8-a682-47c2-86b1-b427398fa2e2,https://open.canada.ca/data/dataset/eed746a8-a682-47c2-86b1-b427398fa2e2/resource/5618e81d-e2aa-4ed8-9627-fc676078c03a/download/aia-export-compliance-dashboard-en.pdf,aia-export-compliance-dashboard-en.pdf,ok,"76,137 bytes"
126,eed746a8-a682-47c2-86b1-b427398fa2e2,https://open.canada.ca/data/dataset/eed746a8-a682-47c2-86b1-b427398fa2e2/resource/986dd2d9-0346-4138-b318-5fc2dd692cae/download/aia-export-compliance-dashboard-fr.pdf,aia-export-compliance-dashboard-fr.pdf,ok,"84,797 bytes"
127,f028d40f-3c0e-4a36-8a38-fe18d7aaaa32,https://open.canada.ca/data/dataset/f028d40f-3c0e-4a36-8a38-fe18d7aaaa32/resource/0afae4f3-1920-4788-b521-1db38c196bb0/download/gba-plus-summary-_fr_final.pdf,gba-plus-summary-_fr_final.pdf,ok,"228,806 bytes"
128,f028d40f-3c0e-4a36-8a38-fe18d7aaaa32,https://open.canada.ca/data/dataset/f028d40f-3c0e-4a36-8a38-fe18d7aaaa32/resource/7a625642-e25a-4fc0-b76c-3444f21cf5d5/download/aia-results-fr.json,aia-results-fr.json,ok,"7,598 bytes"
129,f028d40f-3c0e-4a36-8a38-fe18d7aaaa32,https://open.canada.ca/data/dataset/f028d40f-3c0e-4a36-8a38-fe18d7aaaa32/resource/9e4ea10f-b233-453c-a85e-f58f315ffe9d/download/surveyresults.json,surveyresults.json,ok,"6,397 bytes"
130,f028d40f-3c0e-4a36-8a38-fe18d7aaaa32,https://open.canada.ca/data/dataset/f028d40f-3c0e-4a36-8a38-fe18d7aaaa32/resource/c47505c4-ae17-432c-ad41-536ed920baae/download/aia-fr.pdf,aia-fr.pdf,ok,"66,494 bytes"
131,f028d40f-3c0e-4a36-8a38-fe18d7aaaa32,https://open.canada.ca/data/dataset/f028d40f-3c0e-4a36-8a38-fe18d7aaaa32/resource/c5b4aadc-a9d3-459e-9194-53cf01ce7265/download/aia-en.pdf,aia-en.pdf,ok,"61,140 bytes"
132,f028d40f-3c0e-4a36-8a38-fe18d7aaaa32,https://open.canada.ca/data/dataset/f028d40f-3c0e-4a36-8a38-fe18d7aaaa32/resource/e973c6b2-fb73-48c8-a26a-b3d385549b11/download/gba-plus-summary-en_final.pdf,gba-plus-summary-en_final.pdf,ok,"194,521 bytes"
133,f95dbd40-1236-428c-acd1-25b7559686be,https://open.canada.ca/data/dataset/f95dbd40-1236-428c-acd1-25b7559686be/resource/0e8c3902-9782-4407-821a-35291824087c/download/2.-annex-a-algorithm-impact-assessment.pdf,2.-annex-a-algorithm-impact-assessment.pdf,ok,"164,966 bytes"
134,f95dbd40-1236-428c-acd1-25b7559686be,https://open.canada.ca/data/dataset/f95dbd40-1236-428c-acd1-25b7559686be/resource/649c6df0-b7ff-40bf-8ace-587adf3c5ad1/download/aia-fr-may-24.pdf,aia-fr-may-24.pdf,ok,"122,322 bytes"
135,f95dbd40-1236-428c-acd1-25b7559686be,https://open.canada.ca/data/dataset/f95dbd40-1236-428c-acd1-25b7559686be/resource/ad8dd581-6a9c-40f1-ae56-1ed2f0698701/download/peer-review-summary-overseas-spouse-or-partner-advanced-analytics-project-english.pdf,peer-review-summary-overseas-spouse-or-partner-advanced-analytics-project-english.pdf,ok,"424,589 bytes"
136,f95dbd40-1236-428c-acd1-25b7559686be,https://open.canada.ca/data/dataset/f95dbd40-1236-428c-acd1-25b7559686be/resource/b1da7e1d-c9d0-4a00-840f-77cb28ca7fdd/download/resume-de-lexamen-par-les-pairs-projet-danalytique-avancee-pour-les-epoux-ou-conjoints-a-letrang.pdf,resume-de-lexamen-par-les-pairs-projet-danalytique-avancee-pour-les-epoux-ou-conjoints-a-letrang.pdf,ok,"454,405 bytes"
137,f95dbd40-1236-428c-acd1-25b7559686be,https://open.canada.ca/data/dataset/f95dbd40-1236-428c-acd1-25b7559686be/resource/b711bc0a-741c-40e7-8441-e5ac347425ba/download/aia-results-french.json,aia-results-french.json,ok,"20,702 bytes"
